data;1USD;1AUD;1CAD;1EUR;100HUF;1CHF;1GBP;100JPY;1CZK;1DKK;1NOK;1SEK;1XDR;nr tabeli;pe³ny numer tabeli;
;dolar amerykañski;dolar australijski;dolar kanadyjski;euro;forint (Wêgry);frank szwajcarski;funt szterling;jen (Japonia);korona czeska;korona duñska;korona norweska;korona szwedzka;SDR (MFW);
20140102;3,0421;2,7133;2,8580;4,1887;1,4109;3,4154;5,0326;2,8976;0,1528;0,5616;0,5003;0,4741;4,6800;1;001/C/NBP/2014;
20140103;3,0856;2,7488;2,9116;4,2082;1,4119;3,4220;5,0671;2,9413;0,1529;0,5642;0,5015;0,4742;4,7019;2;002/C/NBP/2014;
20140107;3,0921;2,7815;2,9113;4,2085;1,4099;3,4236;5,0760;2,9610;0,1528;0,5642;0,5045;0,4756;4,7370;3;003/C/NBP/2014;
20140108;3,0933;2,7596;2,8867;4,2137;1,4048;3,4069;5,0698;2,9563;0,1535;0,5648;0,5017;0,4750;4,7411;4;004/C/NBP/2014;
20140109;3,1007;2,7731;2,8702;4,2176;1,4055;3,4082;5,1004;2,9583;0,1535;0,5653;0,5009;0,4729;4,7540;5;005/C/NBP/2014;
20140110;3,1078;2,7631;2,8652;4,2175;1,4099;3,4151;5,1145;2,9616;0,1538;0,5653;0,5011;0,4725;4,7504;6;006/C/NBP/2014;
20140113;3,0760;2,7625;2,8180;4,2067;1,4104;3,4120;5,0756;2,9540;0,1536;0,5637;0,5001;0,4736;4,7451;7;007/C/NBP/2014;
20140114;3,0729;2,7874;2,8253;4,1954;1,4046;3,4062;5,0290;2,9767;0,1533;0,5623;0,5018;0,4724;4,7249;8;008/C/NBP/2014;
20140115;3,0664;2,7511;2,8059;4,1918;1,3998;3,3999;5,0370;2,9573;0,1529;0,5618;0,5025;0,4757;4,7162;9;009/C/NBP/2014;
20140116;3,0915;2,7561;2,8215;4,2005;1,3996;3,3983;5,0517;2,9597;0,1531;0,5629;0,5041;0,4774;4,7369;10;010/C/NBP/2014;
20140117;3,0903;2,7205;2,8310;4,2117;1,4020;3,4126;5,0561;2,9627;0,1533;0,5644;0,5012;0,4783;4,7474;11;011/C/NBP/2014;
20140120;3,0965;2,7212;2,8266;4,2048;1,3976;3,4125;5,0900;2,9692;0,1531;0,5635;0,5026;0,4786;4,7469;12;012/C/NBP/2014;
20140121;3,0975;2,7272;2,8283;4,2004;1,3920;3,4057;5,0905;2,9770;0,1525;0,5629;0,5012;0,4780;4,7418;13;013/C/NBP/2014;
20140122;3,1058;2,7365;2,8295;4,2036;1,3892;3,4040;5,1145;2,9739;0,1526;0,5634;0,5025;0,4779;4,7455;14;014/C/NBP/2014;
20140123;3,1036;2,7491;2,8281;4,2082;1,3926;3,4072;5,1401;2,9719;0,1529;0,5640;0,5038;0,4788;4,7551;15;015/C/NBP/2014;
20140124;3,0833;2,7123;2,7755;4,2132;1,3832;3,4208;5,1203;2,9770;0,1533;0,5647;0,5050;0,4801;4,7472;16;016/C/NBP/2014;
20140127;3,0993;2,6987;2,7975;4,2399;1,3870;3,4621;5,1123;3,0285;0,1542;0,5682;0,5044;0,4811;4,7800;17;017/C/NBP/2014;
20140128;3,1054;2,7172;2,8122;4,2459;1,3890;3,4640;5,1491;3,0250;0,1544;0,5690;0,5031;0,4826;4,7873;18;018/C/NBP/2014;
20140129;3,0989;2,7201;2,7757;4,2364;1,3916;3,4519;5,1416;3,0151;0,1540;0,5677;0,5044;0,4810;4,7744;19;019/C/NBP/2014;
20140130;3,1118;2,7255;2,7954;4,2521;1,3765;3,4765;5,1559;3,0461;0,1545;0,5698;0,5034;0,4825;4,8104;20;020/C/NBP/2014;
20140131;3,1425;2,7613;2,8133;4,2684;1,3749;3,4872;5,1883;3,0630;0,1548;0,5721;0,5043;0,4828;4,8307;21;021/C/NBP/2014;
20140203;3,1823;2,7721;2,8430;4,2918;1,3715;3,5111;5,2397;3,1112;0,1561;0,5751;0,5061;0,4869;4,8716;22;022/C/NBP/2014;
20140204;3,1671;2,7902;2,8663;4,2768;1,3689;3,5029;5,1828;3,1165;0,1552;0,5732;0,5063;0,4854;4,8523;23;023/C/NBP/2014;
20140205;3,1522;2,8080;2,8450;4,2590;1,3739;3,4837;5,1387;3,1086;0,1546;0,5707;0,5015;0,4828;4,8269;24;024/C/NBP/2014;
20140206;3,1338;2,7911;2,8211;4,2342;1,3743;3,4647;5,0999;3,0923;0,1536;0,5674;0,5003;0,4791;4,7900;25;025/C/NBP/2014;
20140207;3,1104;2,7879;2,8024;4,2326;1,3733;3,4610;5,0763;3,0571;0,1537;0,5672;0,5020;0,4793;4,8053;26;026/C/NBP/2014;
20140210;3,1069;2,7852;2,8240;4,2208;1,3707;3,4461;5,0914;3,0329;0,1533;0,5657;0,5020;0,4775;4,7691;27;027/C/NBP/2014;
20140211;3,0975;2,7671;2,8021;4,2223;1,3561;3,4502;5,0777;3,0312;0,1532;0,5658;0,5042;0,4773;4,7584;28;028/C/NBP/2014;
20140212;3,0914;2,7867;2,7950;4,2198;1,3563;3,4485;5,0840;3,0201;0,1534;0,5655;0,5046;0,4805;4,7475;29;029/C/NBP/2014;
20140213;3,0947;2,7999;2,8149;4,2011;1,3627;3,4276;5,1239;3,0190;0,1526;0,5631;0,5047;0,4790;4,7544;30;030/C/NBP/2014;
20140214;3,0770;2,7613;2,7966;4,2050;1,3491;3,4423;5,1163;3,0201;0,1528;0,5636;0,5040;0,4764;4,7588;31;031/C/NBP/2014;
20140217;3,0619;2,7640;2,7883;4,1906;1,3524;3,4295;5,1183;3,0063;0,1531;0,5616;0,5019;0,4740;4,7207;32;032/C/NBP/2014;
20140218;3,0543;2,7578;2,7859;4,1855;1,3567;3,4242;5,1043;2,9973;0,1527;0,5610;0,5025;0,4736;4,7151;33;033/C/NBP/2014;
20140219;3,0457;2,7517;2,7780;4,1900;1,3497;3,4301;5,0905;2,9754;0,1531;0,5616;0,5033;0,4700;4,7110;34;034/C/NBP/2014;
20140220;3,0633;2,7667;2,7786;4,2137;1,3457;3,4500;5,1094;2,9986;0,1538;0,5647;0,5065;0,4714;4,7377;35;035/C/NBP/2014;
20140221;3,0709;2,7538;2,7736;4,2142;1,3499;3,4533;5,1224;3,0072;0,1538;0,5647;0,5022;0,4697;4,7441;36;036/C/NBP/2014;
20140224;3,0510;2,7396;2,7418;4,1949;1,3536;3,4374;5,0965;2,9724;0,1532;0,5622;0,5025;0,4671;4,7224;37;037/C/NBP/2014;
20140225;3,0593;2,7509;2,7605;4,1952;1,3546;3,4348;5,0781;2,9822;0,1533;0,5622;0,5064;0,4695;4,7157;38;038/C/NBP/2014;
20140226;3,0479;2,7514;2,7510;4,1950;1,3566;3,4401;5,0973;2,9857;0,1534;0,5622;0,5061;0,4700;4,7123;39;039/C/NBP/2014;
20140227;3,0797;2,7615;2,7717;4,2111;1,3551;3,4527;5,1261;3,0134;0,1540;0,5643;0,5077;0,4719;4,7392;40;040/C/NBP/2014;
20140228;3,0819;2,7548;2,7653;4,2181;1,3537;3,4664;5,1393;3,0184;0,1542;0,5652;0,5083;0,4720;4,7609;41;041/C/NBP/2014;
20140303;3,0475;2,7209;2,7492;4,2035;1,3564;3,4558;5,0896;2,9813;0,1537;0,5633;0,5085;0,4746;4,7090;42;042/C/NBP/2014;
20140304;3,0729;2,7395;2,7690;4,2309;1,3530;3,4861;5,1362;3,0282;0,1546;0,5669;0,5085;0,4767;4,7546;43;043/C/NBP/2014;
20140305;3,0752;2,7513;2,7762;4,2309;1,3624;3,4749;5,1311;3,0149;0,1546;0,5669;0,5123;0,4776;4,7514;44;044/C/NBP/2014;
20140306;3,0727;2,7576;2,7751;4,2205;1,3628;3,4611;5,1376;3,0002;0,1543;0,5656;0,5127;0,4774;4,7397;45;045/C/NBP/2014;
20140307;3,0498;2,7669;2,7751;4,2229;1,3652;3,4580;5,0995;2,9590;0,1544;0,5659;0,5109;0,4763;4,7466;46;046/C/NBP/2014;
20140310;3,0571;2,7801;2,7587;4,2405;1,3605;3,4764;5,1174;2,9550;0,1550;0,5682;0,5120;0,4784;4,7360;47;047/C/NBP/2014;
20140311;3,0698;2,7678;2,7637;4,2573;1,3624;3,4954;5,1086;2,9745;0,1556;0,5704;0,5133;0,4799;4,7492;48;048/C/NBP/2014;
20140312;3,0722;2,7771;2,7726;4,2597;1,3631;3,4980;5,1085;2,9741;0,1557;0,5709;0,5167;0,4826;4,7589;49;049/C/NBP/2014;
20140313;3,0742;2,7569;2,7595;4,2693;1,3627;3,5112;5,1062;2,9914;0,1560;0,5721;0,5153;0,4817;4,7608;50;050/C/NBP/2014;
20140314;3,0654;2,7854;2,7710;4,2708;1,3671;3,5163;5,1138;2,9957;0,1561;0,5722;0,5173;0,4827;4,7595;51;051/C/NBP/2014;
20140317;3,0783;2,7813;2,7769;4,2847;1,3677;3,5338;5,1148;3,0391;0,1567;0,5741;0,5160;0,4827;4,7861;52;052/C/NBP/2014;
20140318;3,0618;2,7812;2,7665;4,2645;1,3665;3,5101;5,0972;3,0132;0,1557;0,5714;0,5151;0,4818;4,7635;53;053/C/NBP/2014;
20140319;3,0593;2,7908;2,7668;4,2491;1,3675;3,4915;5,0650;3,0164;0,1551;0,5692;0,5117;0,4819;4,7383;54;054/C/NBP/2014;
20140320;3,0477;2,7745;2,7237;4,2391;1,3658;3,4828;5,0653;3,0008;0,1541;0,5679;0,5090;0,4798;4,7321;55;055/C/NBP/2014;
20140321;3,0810;2,7822;2,7367;4,2431;1,3588;3,4810;5,0819;3,0082;0,1544;0,5684;0,5068;0,4795;4,7607;56;056/C/NBP/2014;
20140324;3,0702;2,7904;2,7376;4,2384;1,3539;3,4793;5,0643;3,0020;0,1543;0,5678;0,5068;0,4782;4,7521;57;057/C/NBP/2014;
20140325;3,0776;2,8080;2,7448;4,2401;1,3534;3,4790;5,0719;3,0098;0,1546;0,5680;0,5080;0,4782;4,7509;58;058/C/NBP/2014;
20140326;3,0684;2,8066;2,7447;4,2329;1,3574;3,4709;5,0718;3,0013;0,1545;0,5670;0,5078;0,4779;4,7443;59;059/C/NBP/2014;
20140327;3,0588;2,8231;2,7415;4,2187;1,3531;3,4545;5,0660;2,9894;0,1538;0,5651;0,5061;0,4740;4,7267;60;060/C/NBP/2014;
20140328;3,0587;2,8335;2,7647;4,2092;1,3535;3,4557;5,0894;2,9944;0,1537;0,5638;0,5104;0,4731;4,7273;61;061/C/NBP/2014;
20140331;3,0638;2,8354;2,7719;4,2136;1,3625;3,4548;5,0979;2,9817;0,1536;0,5644;0,5107;0,4714;4,7276;62;062/C/NBP/2014;
20140401;3,0528;2,8227;2,7691;4,2111;1,3705;3,4540;5,0785;2,9563;0,1534;0,5641;0,5095;0,4708;4,7206;63;063/C/NBP/2014;
20140402;3,0575;2,8252;2,7674;4,2205;1,3743;3,4647;5,0898;2,9554;0,1537;0,5654;0,5123;0,4736;4,7293;64;064/C/NBP/2014;
20140403;3,0608;2,8304;2,7735;4,2183;1,3719;3,4588;5,0936;2,9522;0,1538;0,5651;0,5136;0,4735;4,7232;65;065/C/NBP/2014;
20140404;3,0664;2,8305;2,7819;4,2052;1,3697;3,4398;5,0834;2,9461;0,1533;0,5634;0,5115;0,4697;4,7086;66;066/C/NBP/2014;
20140407;3,0725;2,8519;2,7978;4,2072;1,3747;3,4401;5,0922;2,9639;0,1533;0,5636;0,5122;0,4694;4,7298;67;067/C/NBP/2014;
20140408;3,0689;2,8427;2,7940;4,2170;1,3738;3,4569;5,0988;2,9747;0,1538;0,5648;0,5120;0,4698;4,7375;68;068/C/NBP/2014;
20140409;3,0511;2,8497;2,7884;4,2099;1,3821;3,4519;5,1085;2,9859;0,1535;0,5639;0,5109;0,4698;4,7243;69;069/C/NBP/2014;
20140410;3,0497;2,8523;2,7903;4,2122;1,3780;3,4600;5,1088;2,9920;0,1536;0,5642;0,5125;0,4688;4,7281;70;070/C/NBP/2014;
20140411;3,0397;2,8599;2,7862;4,2147;1,3812;3,4605;5,0964;2,9874;0,1536;0,5645;0,5130;0,4655;4,7173;71;071/C/NBP/2014;
20140414;3,0433;2,8617;2,7775;4,2246;1,3773;3,4746;5,0920;2,9972;0,1539;0,5658;0,5128;0,4661;4,7284;72;072/C/NBP/2014;
20140415;3,0583;2,8785;2,7895;4,2279;1,3758;3,4802;5,1160;3,0071;0,1539;0,5662;0,5124;0,4659;4,7382;73;073/C/NBP/2014;
20140416;3,0645;2,8668;2,7855;4,2301;1,3758;3,4788;5,1293;3,0064;0,1540;0,5665;0,5142;0,4657;4,7442;74;074/C/NBP/2014;
20140417;3,0664;2,8723;2,7929;4,2389;1,3729;3,4829;5,1505;2,9987;0,1542;0,5677;0,5139;0,4658;4,7474;75;075/C/NBP/2014;
20140418;3,0560;2,8576;2,7783;4,2283;1,3767;3,4702;5,1380;2,9901;0,1537;0,5663;0,5113;0,4643;4,7338;76;076/C/NBP/2014;
20140422;3,0568;2,8522;2,7763;4,2238;1,3767;3,4636;5,1297;2,9844;0,1539;0,5657;0,5109;0,4632;4,7288;77;077/C/NBP/2014;
20140423;3,0648;2,8706;2,7831;4,2329;1,3797;3,4657;5,1565;2,9878;0,1541;0,5669;0,5129;0,4663;4,7458;78;078/C/NBP/2014;
20140424;3,0608;2,8387;2,7708;4,2339;1,3758;3,4712;5,1398;2,9906;0,1541;0,5671;0,5111;0,4657;4,7453;79;079/C/NBP/2014;
20140425;3,0664;2,8401;2,7800;4,2370;1,3709;3,4741;5,1504;3,0006;0,1544;0,5674;0,5113;0,4669;4,7490;80;080/C/NBP/2014;
20140428;3,0687;2,8489;2,7831;4,2485;1,3709;3,4855;5,1615;3,0082;0,1548;0,5691;0,5123;0,4665;4,7626;81;081/C/NBP/2014;
20140429;3,0659;2,8404;2,7806;4,2496;1,3740;3,4881;5,1604;2,9931;0,1548;0,5693;0,5113;0,4694;4,7577;82;082/C/NBP/2014;
20140430;3,0668;2,8456;2,7975;4,2397;1,3751;3,4739;5,1621;2,9875;0,1545;0,5680;0,5118;0,4680;4,7466;83;083/C/NBP/2014;
20140502;3,0618;2,8347;2,7893;4,2428;1,3783;3,4775;5,1613;2,9926;0,1544;0,5684;0,5124;0,4687;4,7584;84;084/C/NBP/2014;
20140505;3,0592;2,8363;2,7882;4,2410;1,3823;3,4786;5,1659;2,9858;0,1544;0,5681;0,5140;0,4700;4,7453;85;085/C/NBP/2014;
20140506;3,0615;2,8353;2,7885;4,2481;1,3791;3,4883;5,1620;2,9989;0,1548;0,5691;0,5138;0,4674;4,7547;86;086/C/NBP/2014;
20140507;3,0471;2,8504;2,7945;4,2457;1,3820;3,4896;5,1778;2,9991;0,1547;0,5688;0,5149;0,4683;4,7393;87;087/C/NBP/2014;
20140508;3,0378;2,8344;2,7880;4,2330;1,3876;3,4725;5,1566;2,9836;0,1543;0,5671;0,5144;0,4675;4,7314;88;088/C/NBP/2014;
20140509;3,0457;2,8580;2,8005;4,2248;1,3921;3,4679;5,1654;2,9926;0,1541;0,5660;0,5179;0,4685;4,7143;89;089/C/NBP/2014;
20140512;3,0669;2,8714;2,8149;4,2279;1,3886;3,4674;5,1698;3,0149;0,1543;0,5664;0,5186;0,4680;4,7560;90;090/C/NBP/2014;
20140513;3,0664;2,8737;2,8172;4,2208;1,3915;3,4553;5,1783;3,0042;0,1540;0,5655;0,5183;0,4677;4,7470;91;091/C/NBP/2014;
20140514;3,0773;2,8858;2,8260;4,2238;1,3921;3,4639;5,1832;3,0144;0,1540;0,5659;0,5196;0,4701;4,7504;92;092/C/NBP/2014;
20140515;3,0854;2,9006;2,8305;4,2314;1,3913;3,4683;5,1776;3,0327;0,1542;0,5668;0,5211;0,4707;4,7713;93;093/C/NBP/2014;
20140516;3,0916;2,8896;2,8426;4,2264;1,3914;3,4618;5,1871;3,0403;0,1539;0,5662;0,5202;0,4705;4,7725;94;094/C/NBP/2014;
20140519;3,0871;2,8916;2,8371;4,2329;1,3870;3,4659;5,1956;3,0394;0,1542;0,5670;0,5193;0,4699;4,7750;95;095/C/NBP/2014;
20140520;3,0870;2,8873;2,8378;4,2314;1,3859;3,4600;5,1922;3,0496;0,1540;0,5669;0,5203;0,4682;4,7733;96;096/C/NBP/2014;
20140521;3,0870;2,8566;2,8308;4,2290;1,3862;3,4617;5,1985;3,0493;0,1539;0,5665;0,5194;0,4684;4,7705;97;097/C/NBP/2014;
20140522;3,0903;2,8476;2,8265;4,2219;1,3906;3,4542;5,2177;3,0469;0,1537;0,5656;0,5191;0,4697;4,7626;98;098/C/NBP/2014;
20140523;3,0858;2,8502;2,8287;4,2120;1,3869;3,4480;5,2038;3,0353;0,1534;0,5643;0,5187;0,4682;4,7513;99;099/C/NBP/2014;
20140526;3,0808;2,8458;2,8314;4,2001;1,3869;3,4395;5,1866;3,0238;0,1532;0,5627;0,5168;0,4636;4,7379;100;100/C/NBP/2014;
20140527;3,0800;2,8452;2,8347;4,2016;1,3866;3,4413;5,1858;3,0228;0,1532;0,5630;0,5167;0,4651;4,7396;101;101/C/NBP/2014;
20140528;3,0806;2,8509;2,8386;4,2011;1,3839;3,4369;5,1798;3,0208;0,1531;0,5629;0,5171;0,4649;4,7391;102;102/C/NBP/2014;
20140529;3,0868;2,8489;2,8425;4,1986;1,3797;3,4359;5,1602;3,0337;0,1527;0,5626;0,5181;0,4648;4,7542;103;103/C/NBP/2014;
20140530;3,0772;2,8558;2,8327;4,1853;1,3847;3,4282;5,1429;3,0257;0,1524;0,5608;0,5161;0,4633;4,7392;104;104/C/NBP/2014;
20140602;3,0694;2,8520;2,8293;4,1804;1,3802;3,4240;5,1394;3,0147;0,1521;0,5601;0,5130;0,4602;4,7327;105;105/C/NBP/2014;
20140603;3,0740;2,8409;2,8204;4,1854;1,3788;3,4263;5,1522;3,0071;0,1523;0,5608;0,5127;0,4603;4,7384;106;106/C/NBP/2014;
20140604;3,0729;2,8426;2,8148;4,1900;1,3728;3,4305;5,1471;3,0000;0,1526;0,5614;0,5117;0,4605;4,7274;107;107/C/NBP/2014;
20140605;3,0683;2,8445;2,8074;4,1777;1,3695;3,4228;5,1392;2,9901;0,1522;0,5597;0,5118;0,4607;4,7206;108;108/C/NBP/2014;
20140606;3,0657;2,8526;2,8005;4,1632;1,3699;3,4153;5,1436;2,9874;0,1516;0,5579;0,5107;0,4592;4,7251;109;109/C/NBP/2014;
20140609;3,0457;2,8402;2,7839;4,1521;1,3709;3,4054;5,1134;2,9695;0,1512;0,5564;0,5105;0,4584;4,6915;110;110/C/NBP/2014;
20140610;3,0499;2,8484;2,7918;4,1427;1,3639;3,3973;5,1198;2,9739;0,1509;0,5552;0,5112;0,4564;4,6808;111;111/C/NBP/2014;
20140611;3,0619;2,8692;2,8081;4,1498;1,3619;3,4055;5,1343;2,9939;0,1512;0,5562;0,5128;0,4576;4,7095;112;112/C/NBP/2014;
20140612;3,0707;2,8832;2,8239;4,1576;1,3597;3,4152;5,1538;3,0104;0,1515;0,5572;0,5127;0,4597;4,7179;113;113/C/NBP/2014;
20140613;3,0624;2,8856;2,8207;4,1472;1,3566;3,4065;5,1533;3,0043;0,1513;0,5559;0,5111;0,4578;4,7127;114;114/C/NBP/2014;
20140616;3,0753;2,8871;2,8320;4,1640;1,3579;3,4200;5,2145;3,0142;0,1518;0,5582;0,5125;0,4621;4,7319;115;115/C/NBP/2014;
20140617;3,0805;2,8938;2,8390;4,1773;1,3610;3,4308;5,2343;3,0254;0,1522;0,5601;0,5142;0,4643;4,7539;116;116/C/NBP/2014;
20140618;3,0868;2,8824;2,8410;4,1804;1,3593;3,4297;5,2353;3,0213;0,1524;0,5606;0,5144;0,4645;4,7479;117;117/C/NBP/2014;
20140620;3,0795;2,8773;2,8339;4,1813;1,3612;3,4328;5,2217;3,0160;0,1522;0,5608;0,5113;0,4638;4,7486;118;118/C/NBP/2014;
20140623;3,0800;2,8944;2,8454;4,1921;1,3700;3,4450;5,2542;3,0198;0,1526;0,5623;0,5010;0,4584;4,7525;119;119/C/NBP/2014;
20140624;3,0925;2,9139;2,8780;4,2011;1,3763;3,4534;5,2599;3,0340;0,1530;0,5636;0,5048;0,4611;4,7662;120;120/C/NBP/2014;
20140625;3,0825;2,8917;2,8703;4,1954;1,3714;3,4486;5,2341;3,0226;0,1529;0,5628;0,5043;0,4584;4,7556;121;121/C/NBP/2014;
20140626;3,0749;2,8866;2,8675;4,1930;1,3662;3,4476;5,2259;3,0220;0,1529;0,5625;0,5007;0,4567;4,7505;122;122/C/NBP/2014;
20140627;3,0865;2,9020;2,8808;4,1933;1,3571;3,4481;5,2495;3,0388;0,1527;0,5624;0,5015;0,4568;4,7580;123;123/C/NBP/2014;
20140630;3,0789;2,8979;2,8822;4,1971;1,3568;3,4531;5,2385;3,0362;0,1529;0,5630;0,5006;0,4562;4,7623;124;124/C/NBP/2014;
20140701;3,0724;2,8880;2,8765;4,1980;1,3567;3,4544;5,2396;3,0296;0,1529;0,5631;0,4998;0,4580;4,7515;125;125/C/NBP/2014;
20140702;3,0718;2,9128;2,8821;4,2046;1,3510;3,4632;5,2683;3,0261;0,1532;0,5639;0,4986;0,4590;4,7562;126;126/C/NBP/2014;
20140703;3,0714;2,8976;2,8805;4,1941;1,3443;3,4552;5,2703;3,0186;0,1529;0,5625;0,4970;0,4578;4,7535;127;127/C/NBP/2014;
20140704;3,0717;2,8688;2,8782;4,1794;1,3442;3,4365;5,2690;3,0044;0,1523;0,5604;0,4944;0,4489;4,7364;128;128/C/NBP/2014;
20140707;3,0805;2,8806;2,8959;4,1858;1,3492;3,4415;5,2835;3,0176;0,1525;0,5614;0,4980;0,4499;4,7438;129;129/C/NBP/2014;
20140708;3,0772;2,8833;2,8907;4,1835;1,3510;3,4409;5,2686;3,0209;0,1525;0,5611;0,4988;0,4498;4,7411;130;130/C/NBP/2014;
20140709;3,0684;2,8874;2,8738;4,1770;1,3502;3,4378;5,2540;3,0218;0,1522;0,5602;0,4970;0,4497;4,7459;131;131/C/NBP/2014;
20140710;3,0633;2,8781;2,8724;4,1716;1,3449;3,4315;5,2443;3,0129;0,1521;0,5595;0,4965;0,4508;4,7373;132;132/C/NBP/2014;
20140711;3,0764;2,8838;2,8831;4,1842;1,3478;3,4466;5,2675;3,0399;0,1524;0,5613;0,4987;0,4538;4,7528;133;133/C/NBP/2014;
20140714;3,0756;2,8927;2,8732;4,1846;1,3494;3,4471;5,2640;3,0364;0,1525;0,5613;0,4987;0,4532;4,7532;134;134/C/NBP/2014;
20140715;3,0716;2,8855;2,8614;4,1834;1,3514;3,4443;5,2460;3,0241;0,1525;0,5611;0,4975;0,4522;4,7447;135;135/C/NBP/2014;
20140716;3,0686;2,8805;2,8614;4,1754;1,3508;3,4378;5,2733;3,0236;0,1522;0,5599;0,4943;0,4511;4,7391;136;136/C/NBP/2014;
20140717;3,0862;2,8879;2,8671;4,1755;1,3499;3,4352;5,2899;3,0346;0,1521;0,5599;0,4974;0,4513;4,7568;137;137/C/NBP/2014;
20140718;3,0911;2,8994;2,8765;4,1821;1,3481;3,4429;5,2875;3,0447;0,1524;0,5609;0,4993;0,4531;4,7662;138;138/C/NBP/2014;
20140721;3,1007;2,9068;2,8884;4,1885;1,3516;3,4487;5,2892;3,0581;0,1526;0,5618;0,5013;0,4536;4,7727;139;139/C/NBP/2014;
20140722;3,1007;2,9084;2,8846;4,1910;1,3539;3,4510;5,2894;3,0603;0,1525;0,5621;0,4986;0,4523;4,7776;140;140/C/NBP/2014;
20140723;3,1053;2,9198;2,8919;4,1819;1,3575;3,4419;5,2980;3,0600;0,1522;0,5609;0,5018;0,4538;4,7738;141;141/C/NBP/2014;
20140724;3,0981;2,9266;2,8858;4,1726;1,3589;3,4344;5,2795;3,0545;0,1520;0,5595;0,5009;0,4533;4,7675;142;142/C/NBP/2014;
20140725;3,1046;2,9243;2,8923;4,1824;1,3582;3,4415;5,2712;3,0512;0,1521;0,5609;0,4993;0,4535;4,7744;143;143/C/NBP/2014;
20140728;3,1125;2,9307;2,8907;4,1826;1,3576;3,4422;5,2895;3,0573;0,1523;0,5609;0,5013;0,4569;4,7746;144;144/C/NBP/2014;
20140729;3,1152;2,9306;2,8818;4,1859;1,3570;3,4458;5,2930;3,0598;0,1523;0,5614;0,5013;0,4566;4,7859;145;145/C/NBP/2014;
20140730;3,1263;2,9334;2,8882;4,1930;1,3490;3,4497;5,2962;3,0634;0,1525;0,5624;0,5006;0,4565;4,7936;146;146/C/NBP/2014;
20140731;3,1354;2,9284;2,8793;4,1940;1,3471;3,4458;5,2999;3,0545;0,1524;0,5625;0,5006;0,4548;4,7983;147;147/C/NBP/2014;
20140801;3,1506;2,9286;2,8871;4,2178;1,3460;3,4668;5,3154;3,0622;0,1526;0,5657;0,5012;0,4568;4,8275;148;148/C/NBP/2014;
20140804;3,1512;2,9326;2,8882;4,2264;1,3462;3,4750;5,3023;3,0661;0,1529;0,5668;0,5014;0,4583;4,8308;149;149/C/NBP/2014;
20140805;3,1391;2,9277;2,8737;4,2127;1,3446;3,4636;5,2860;3,0619;0,1523;0,5650;0,5000;0,4557;4,8152;150;150/C/NBP/2014;
20140806;3,1590;2,9388;2,8860;4,2243;1,3377;3,4716;5,3237;3,0732;0,1522;0,5665;0,5032;0,4587;4,8347;151;151/C/NBP/2014;
20140807;3,1819;2,9662;2,9091;4,2471;1,3447;3,4956;5,3581;3,1070;0,1528;0,5696;0,5052;0,4593;4,8606;152;152/C/NBP/2014;
20140808;3,1744;2,9426;2,9053;4,2366;1,3469;3,4885;5,3426;3,1013;0,1524;0,5682;0,5075;0,4599;4,8555;153;153/C/NBP/2014;
20140811;3,1734;2,9426;2,8921;4,2508;1,3540;3,5022;5,3285;3,1145;0,1526;0,5702;0,5089;0,4596;4,8640;154;154/C/NBP/2014;
20140812;3,1667;2,9338;2,8899;4,2390;1,3526;3,4943;5,3163;3,1014;0,1522;0,5685;0,5122;0,4618;4,8504;155;155/C/NBP/2014;
20140813;3,1775;2,9455;2,9054;4,2445;1,3501;3,4979;5,3356;3,1094;0,1524;0,5693;0,5147;0,4621;4,8623;156;156/C/NBP/2014;
20140814;3,1618;2,9455;2,8974;4,2339;1,3493;3,4899;5,2851;3,0900;0,1520;0,5679;0,5137;0,4607;4,8444;157;157/C/NBP/2014;
20140818;3,1477;2,9334;2,8871;4,2187;1,3517;3,4825;5,2517;3,0745;0,1515;0,5659;0,5125;0,4605;4,8235;158;158/C/NBP/2014;
20140819;3,1658;2,9498;2,9053;4,2317;1,3488;3,4937;5,2939;3,0863;0,1516;0,5676;0,5147;0,4621;4,8381;159;159/C/NBP/2014;
20140820;3,1745;2,9593;2,9085;4,2273;1,3496;3,4919;5,2764;3,0886;0,1512;0,5670;0,5152;0,4620;4,8346;160;160/C/NBP/2014;
20140821;3,1849;2,9615;2,9113;4,2322;1,3472;3,4958;5,3038;3,0833;0,1516;0,5676;0,5155;0,4614;4,8538;161;161/C/NBP/2014;
20140822;3,1920;2,9656;2,9131;4,2340;1,3460;3,4963;5,2935;3,0760;0,1522;0,5679;0,5183;0,4621;4,8580;162;162/C/NBP/2014;
20140825;3,1877;2,9685;2,9107;4,2279;1,3504;3,4945;5,2851;3,0690;0,1517;0,5671;0,5185;0,4621;4,8502;163;163/C/NBP/2014;
20140826;3,1993;2,9746;2,9154;4,2228;1,3476;3,4957;5,3084;3,0762;0,1518;0,5664;0,5177;0,4615;4,8445;164;164/C/NBP/2014;
20140827;3,2016;2,9856;2,9214;4,2253;1,3491;3,4968;5,3099;3,0813;0,1521;0,5668;0,5181;0,4613;4,8645;165;165/C/NBP/2014;
20140828;3,2161;3,0029;2,9515;4,2370;1,3548;3,5115;5,3352;3,0969;0,1530;0,5684;0,5203;0,4627;4,8812;166;166/C/NBP/2014;
20140829;3,2343;3,0248;2,9793;4,2593;1,3497;3,5337;5,3613;3,1159;0,1532;0,5716;0,5226;0,4634;4,9069;167;167/C/NBP/2014;
20140901;3,2332;3,0190;2,9813;4,2606;1,3509;3,5324;5,3633;3,1098;0,1537;0,5719;0,5233;0,4650;4,9054;168;168/C/NBP/2014;
20140902;3,2358;3,0236;2,9794;4,2501;1,3527;3,5208;5,3802;3,1041;0,1532;0,5705;0,5224;0,4625;4,8932;169;169/C/NBP/2014;
20140903;3,2427;3,0094;2,9719;4,2547;1,3473;3,5236;5,3545;3,0886;0,1533;0,5714;0,5236;0,4628;4,9107;170;170/C/NBP/2014;
20140904;3,2170;3,0045;2,9480;4,2289;1,3477;3,5022;5,2963;3,0649;0,1529;0,5678;0,5171;0,4593;4,8688;171;171/C/NBP/2014;
20140905;3,2525;3,0501;2,9993;4,2319;1,3536;3,5091;5,3416;3,0977;0,1531;0,5685;0,5212;0,4621;4,8722;172;172/C/NBP/2014;
20140908;3,2602;3,0601;2,9962;4,2289;1,3471;3,5054;5,3230;3,1090;0,1532;0,5679;0,5197;0,4607;4,9120;173;173/C/NBP/2014;
20140909;3,2638;3,0397;2,9896;4,2234;1,3429;3,5006;5,2737;3,0955;0,1527;0,5673;0,5173;0,4605;4,8981;174;174/C/NBP/2014;
20140910;3,2950;3,0369;2,9883;4,2446;1,3399;3,5195;5,3038;3,1018;0,1532;0,5700;0,5183;0,4623;4,9290;175;175/C/NBP/2014;
20140911;3,2835;3,0035;2,9893;4,2440;1,3452;3,5041;5,3063;3,0791;0,1533;0,5701;0,5177;0,4623;4,9250;176;176/C/NBP/2014;
20140912;3,2770;2,9826;2,9766;4,2375;1,3461;3,5036;5,3144;3,0638;0,1534;0,5693;0,5145;0,4606;4,9151;177;177/C/NBP/2014;
20140915;3,2815;2,9664;2,9641;4,2426;1,3468;3,5076;5,3242;3,0579;0,1537;0,5699;0,5151;0,4602;4,9215;178;178/C/NBP/2014;
20140916;3,2734;2,9615;2,9601;4,2380;1,3490;3,5032;5,3173;3,0583;0,1538;0,5692;0,5122;0,4599;4,9228;179;179/C/NBP/2014;
20140917;3,2734;2,9572;2,9716;4,2382;1,3487;3,5054;5,3077;3,0546;0,1537;0,5693;0,5119;0,4593;4,9101;180;180/C/NBP/2014;
20140918;3,2613;2,9548;2,9756;4,2280;1,3496;3,4905;5,3280;3,0394;0,1534;0,5678;0,5088;0,4574;4,9008;181;181/C/NBP/2014;
20140919;3,2906;2,9489;3,0013;4,2415;1,3587;3,5128;5,3936;3,0255;0,1541;0,5697;0,5180;0,4614;4,9340;182;182/C/NBP/2014;
20140922;3,2895;2,9496;3,0116;4,2289;1,3590;3,5035;5,3748;3,0222;0,1534;0,5680;0,5185;0,4608;4,9262;183;183/C/NBP/2014;
20140923;3,2887;2,9176;2,9885;4,2238;1,3526;3,5008;5,3769;3,0178;0,1534;0,5674;0,5183;0,4608;4,9170;184;184/C/NBP/2014;
20140924;3,2733;2,8999;2,9682;4,2156;1,3555;3,4928;5,3604;3,0084;0,1532;0,5663;0,5167;0,4598;4,8998;185;185/C/NBP/2014;
20140925;3,2958;2,9200;2,9664;4,2132;1,3591;3,4882;5,3902;3,0282;0,1531;0,5660;0,5157;0,4588;4,9165;186;186/C/NBP/2014;
20140926;3,3138;2,9179;2,9867;4,2201;1,3564;3,4962;5,4152;3,0427;0,1534;0,5670;0,5174;0,4593;4,9463;187;187/C/NBP/2014;
20140929;3,3278;2,9207;2,9887;4,2245;1,3519;3,5002;5,4099;3,0460;0,1533;0,5676;0,5167;0,4587;4,9476;188;188/C/NBP/2014;
20140930;3,3247;2,9027;2,9811;4,2247;1,3542;3,5014;5,4015;3,0427;0,1535;0,5676;0,5157;0,4590;4,9473;189;189/C/NBP/2014;
20141001;3,3446;2,9210;2,9910;4,2199;1,3596;3,4980;5,4271;3,0520;0,1535;0,5670;0,5208;0,4628;4,9720;190;190/C/NBP/2014;
20141002;3,3413;2,9158;2,9891;4,2180;1,3611;3,4962;5,4254;3,0530;0,1534;0,5666;0,5183;0,4634;4,9622;191;191/C/NBP/2014;
20141003;3,3328;2,9291;2,9913;4,2190;1,3607;3,4915;5,3807;3,0698;0,1535;0,5668;0,5168;0,4637;4,9610;192;192/C/NBP/2014;
20141006;3,3773;2,9308;3,0052;4,2274;1,3660;3,4944;5,3941;3,0779;0,1538;0,5679;0,5176;0,4638;4,9699;193;193/C/NBP/2014;
20141007;3,3655;2,9346;3,0010;4,2263;1,3727;3,4845;5,3866;3,0770;0,1538;0,5677;0,5180;0,4653;4,9748;194;194/C/NBP/2014;
20141008;3,3404;2,9488;2,9915;4,2228;1,3704;3,4850;5,3828;3,0870;0,1538;0,5673;0,5163;0,4652;4,9654;195;195/C/NBP/2014;
20141009;3,3431;2,9330;2,9867;4,2358;1,3770;3,4919;5,3747;3,0913;0,1541;0,5690;0,5168;0,4636;4,9770;196;196/C/NBP/2014;
20141010;3,3143;2,9303;2,9852;4,2168;1,3781;3,4856;5,3645;3,0751;0,1535;0,5665;0,5151;0,4619;4,9302;197;197/C/NBP/2014;
20141013;3,3436;2,9166;2,9877;4,2253;1,3815;3,4935;5,3618;3,0986;0,1536;0,5676;0,5126;0,4622;4,9696;198;198/C/NBP/2014;
20141014;3,3396;2,9314;2,9799;4,2359;1,3871;3,5071;5,3711;3,1118;0,1538;0,5690;0,5143;0,4650;4,9821;199;199/C/NBP/2014;
20141015;3,3525;2,9257;2,9848;4,2437;1,3855;3,5143;5,3363;3,1341;0,1540;0,5700;0,5114;0,4636;4,9850;200;200/C/NBP/2014;
20141016;3,3293;2,9284;2,9518;4,2510;1,3878;3,5221;5,3147;3,1317;0,1543;0,5710;0,5082;0,4632;4,9818;201;201/C/NBP/2014;
20141017;3,3527;2,9265;2,9670;4,2738;1,3878;3,5415;5,3677;3,1621;0,1551;0,5740;0,5076;0,4658;4,9983;202;202/C/NBP/2014;
20141020;3,3510;2,9332;2,9803;4,2768;1,3913;3,5425;5,3844;3,1421;0,1555;0,5743;0,5111;0,4667;4,9845;203;203/C/NBP/2014;
20141021;3,3417;2,9355;2,9637;4,2673;1,3904;3,5370;5,3927;3,1264;0,1548;0,5731;0,5079;0,4641;4,9855;204;204/C/NBP/2014;
20141022;3,3471;2,9491;2,9789;4,2618;1,3912;3,5325;5,4039;3,1351;0,1544;0,5723;0,5096;0,4632;4,9791;205;205/C/NBP/2014;
20141023;3,3689;2,9594;2,9843;4,2673;1,3914;3,5366;5,4019;3,1411;0,1541;0,5731;0,5095;0,4633;5,0028;206;206/C/NBP/2014;
20141024;3,3796;2,9665;3,0069;4,2761;1,3899;3,5444;5,4152;3,1317;0,1543;0,5743;0,5148;0,4654;5,0158;207;207/C/NBP/2014;
20141027;3,3594;2,9625;2,9974;4,2604;1,3832;3,5327;5,3991;3,1115;0,1541;0,5723;0,5101;0,4632;4,9981;208;208/C/NBP/2014;
20141028;3,3572;2,9562;2,9897;4,2663;1,3794;3,5379;5,4162;3,1143;0,1539;0,5731;0,5076;0,4609;5,0034;209;209/C/NBP/2014;
20141029;3,3433;2,9585;2,9916;4,2623;1,3801;3,5334;5,4045;3,0969;0,1535;0,5726;0,5054;0,4559;4,9750;210;210/C/NBP/2014;
20141030;3,3426;2,9750;2,9998;4,2648;1,3799;3,5371;5,3992;3,0930;0,1536;0,5729;0,5025;0,4576;4,9869;211;211/C/NBP/2014;
20141031;3,3707;2,9734;3,0135;4,2549;1,3795;3,5290;5,4021;3,0941;0,1533;0,5715;0,5019;0,4592;4,9753;212;212/C/NBP/2014;
20141103;3,4026;2,9855;3,0061;4,2555;1,3809;3,5280;5,4352;3,0302;0,1531;0,5717;0,5017;0,4596;5,0232;213;213/C/NBP/2014;
20141104;3,4168;2,9700;3,0212;4,2661;1,3790;3,5390;5,4568;3,0003;0,1534;0,5731;0,5030;0,4622;5,0294;214;214/C/NBP/2014;
20141105;3,4118;2,9750;2,9896;4,2691;1,3838;3,5415;5,4634;3,0020;0,1538;0,5736;0,4949;0,4597;5,0271;215;215/C/NBP/2014;
20141106;3,4219;2,9413;2,9949;4,2732;1,3774;3,5499;5,4683;2,9835;0,1536;0,5743;0,5000;0,4648;5,0316;216;216/C/NBP/2014;
20141107;3,4233;2,9470;3,0016;4,2584;1,3764;3,5367;5,4486;2,9874;0,1534;0,5724;0,4998;0,4631;5,0082;217;217/C/NBP/2014;
20141110;3,4348;2,9646;3,0259;4,2713;1,3797;3,5480;5,4439;2,9979;0,1542;0,5742;0,5018;0,4626;5,0492;218;218/C/NBP/2014;
20141112;3,4103;2,9600;3,0136;4,2585;1,3780;3,5408;5,4241;2,9908;0,1539;0,5726;0,5052;0,4626;5,0340;219;219/C/NBP/2014;
20141113;3,4213;2,9848;3,0264;4,2617;1,3880;3,5446;5,4079;2,9700;0,1543;0,5727;0,5050;0,4614;5,0272;220;220/C/NBP/2014;
20141114;3,4273;2,9960;3,0236;4,2743;1,3982;3,5559;5,3990;2,9645;0,1546;0,5743;0,5057;0,4620;5,0327;221;221/C/NBP/2014;
20141117;3,4384;2,9809;3,0304;4,2693;1,3964;3,5518;5,3651;2,9485;0,1543;0,5736;0,5058;0,4615;5,0263;222;222/C/NBP/2014;
20141118;3,4239;2,9793;3,0234;4,2657;1,3923;3,5502;5,3519;2,9392;0,1539;0,5731;0,5052;0,4614;5,0043;223;223/C/NBP/2014;
20141119;3,4031;2,9676;3,0065;4,2566;1,3933;3,5435;5,3241;2,9180;0,1538;0,5719;0,5048;0,4602;4,9902;224;224/C/NBP/2014;
20141120;3,3977;2,9343;2,9945;4,2613;1,3967;3,5471;5,3210;2,8874;0,1539;0,5725;0,5013;0,4600;4,9879;225;225/C/NBP/2014;
20141121;3,3926;2,9221;2,9997;4,2561;1,3976;3,5428;5,3322;2,8723;0,1538;0,5718;0,5021;0,4586;4,9789;226;226/C/NBP/2014;
20141124;3,4147;2,9661;3,0401;4,2426;1,3942;3,5305;5,3433;2,8981;0,1533;0,5701;0,5037;0,4581;4,9934;227;227/C/NBP/2014;
20141125;3,4111;2,9412;3,0291;4,2374;1,3885;3,5235;5,3512;2,8807;0,1535;0,5695;0,5034;0,4582;4,9873;228;228/C/NBP/2014;
20141126;3,3890;2,8968;3,0165;4,2269;1,3788;3,5146;5,3279;2,8757;0,1532;0,5681;0,4983;0,4560;4,9757;229;229/C/NBP/2014;
20141127;3,3764;2,8769;3,0031;4,2218;1,3763;3,5102;5,3306;2,8713;0,1531;0,5675;0,4950;0,4561;4,9553;230;230/C/NBP/2014;
20141128;3,3808;2,8932;2,9977;4,2221;1,3750;3,5126;5,3249;2,8737;0,1528;0,5675;0,4910;0,4560;4,9557;231;231/C/NBP/2014;
20141201;3,3862;2,8799;2,9667;4,2208;1,3772;3,5115;5,3068;2,8582;0,1526;0,5672;0,4856;0,4558;4,9542;232;232/C/NBP/2014;
20141202;3,3774;2,8772;2,9711;4,2211;1,3780;3,5110;5,3196;2,8642;0,1528;0,5674;0,4875;0,4565;4,9546;233;233/C/NBP/2014;
20141203;3,3937;2,8649;2,9746;4,2097;1,3721;3,4957;5,3089;2,8463;0,1524;0,5658;0,4839;0,4539;4,9536;234;234/C/NBP/2014;
20141204;3,4100;2,8674;2,9929;4,1981;1,3669;3,4892;5,3465;2,8464;0,1520;0,5642;0,4844;0,4527;4,9582;235;235/C/NBP/2014;
20141205;3,3896;2,8396;2,9795;4,2024;1,3686;3,4937;5,3121;2,8300;0,1522;0,5648;0,4803;0,4526;4,9685;236;236/C/NBP/2014;
20141208;3,4232;2,8492;2,9866;4,2039;1,3678;3,4953;5,3356;2,8149;0,1522;0,5651;0,4779;0,4528;4,9539;237;237/C/NBP/2014;
20141209;3,4245;2,8408;2,9924;4,2044;1,3717;3,4971;5,3495;2,8309;0,1523;0,5651;0,4774;0,4521;4,9807;238;238/C/NBP/2014;
20141210;3,3911;2,8179;2,9642;4,2023;1,3747;3,4958;5,3093;2,8450;0,1521;0,5648;0,4768;0,4515;4,9489;239;239/C/NBP/2014;
20141211;3,3890;2,8197;2,9570;4,2072;1,3699;3,4982;5,3174;2,8534;0,1523;0,5655;0,4723;0,4502;4,9537;240;240/C/NBP/2014;
20141212;3,4035;2,8152;2,9540;4,2178;1,3703;3,5109;5,3365;2,8566;0,1527;0,5671;0,4684;0,4507;4,9669;241;241/C/NBP/2014;
20141215;3,3899;2,7956;2,9306;4,2179;1,3654;3,5120;5,3297;2,8489;0,1528;0,5671;0,4614;0,4488;4,9586;242;242/C/NBP/2014;
20141216;3,3920;2,7821;2,9259;4,2162;1,3676;3,5104;5,3082;2,8588;0,1529;0,5668;0,4571;0,4459;4,9586;243;243/C/NBP/2014;
20141217;3,3979;2,7951;2,9205;4,2554;1,3562;3,5436;5,3531;2,9166;0,1541;0,5719;0,4508;0,4462;4,9890;244;244/C/NBP/2014;
20141218;3,4261;2,8039;2,9438;4,2650;1,3598;3,5516;5,3791;2,9255;0,1545;0,5734;0,4627;0,4490;5,0193;245;245/C/NBP/2014;
20141219;3,4966;2,8614;3,0104;4,2932;1,3638;3,5645;5,4732;2,9345;0,1555;0,5771;0,4734;0,4537;5,0907;246;246/C/NBP/2014;
20141222;3,5101;2,8650;3,0235;4,3122;1,3623;3,5826;5,4912;2,9421;0,1559;0,5797;0,4784;0,4556;5,1046;247;247/C/NBP/2014;
20141223;3,5199;2,8647;3,0271;4,3147;1,3733;3,5850;5,4978;2,9359;0,1563;0,5799;0,4759;0,4537;5,1137;248;248/C/NBP/2014;
20141224;3,5653;2,8891;3,0604;4,3405;1,3765;3,6094;5,5257;2,9534;0,1569;0,5835;0,4792;0,4582;5,1555;249;249/C/NBP/2014;
20141229;3,5643;2,8910;3,0694;4,3491;1,3780;3,6171;5,5403;2,9590;0,1570;0,5846;0,4789;0,4583;5,1657;250;250/C/NBP/2014;
20141230;3,5638;2,9001;3,0658;4,3447;1,3808;3,6115;5,5361;2,9533;0,1568;0,5839;0,4793;0,4538;5,1605;251;251/C/NBP/2014;
20141231;3,5626;2,9191;3,0671;4,3369;1,3803;3,6063;5,5428;2,9913;0,1563;0,5825;0,4794;0,4598;5,1657;252;252/C/NBP/2014;

kod ISO;USD;AUD;CAD;EUR;HUF;CHF;GBP;JPY;CZK;DKK;NOK;SEK;XDR;
nazwa waluty;dolar amerykañski;dolar australijski;dolar kanadyjski;euro;forint (Wêgry);frank szwajcarski;funt szterling;jen (Japonia);korona czeska;korona duñska;korona norweska;korona szwedzka;SDR (MFW);
liczba jednostek;1;1;1;1;100;1;1;100;1;1;1;1;1;
